{ "columns":1,
 "image":"..\/..\/objects\/outpost\/artifacttrophies\/artifacttrophiesL.png",
 "imageheight":72,
 "imagewidth":64,
 "margin":0,
 "name":"ArtifactTrophies",
 "spacing":0,
 "tilecount":1,
 "tileheight":72,
 "tileproperties":
    {
     "0":
        {
         "\/\/description":"I can buy trophies here.",
         "\/\/name":"artifacttrophies",
         "\/\/shortdescription":"Artifact Trophies",
         "imagePositionX":"-32",
         "imagePositionY":"0",
         "object":"artifacttrophies",
         "tilesetDirection":"left"
        }
    },
 "tilepropertytypes":
    {
     "0":
        {
         "\/\/description":"string",
         "\/\/name":"string",
         "\/\/shortdescription":"string",
         "imagePositionX":"string",
         "imagePositionY":"string",
         "object":"string",
         "tilesetDirection":"string"
        }
    },
 "tilewidth":64,
 "type":"tileset"
}