{ "backgroundcolor":"#000000",
 "height":10,
 "infinite":false,
 "layers":[
        {
         "compression":"zlib",
         "data":"eJxjYBjZwJAAJgQATdABiQ==",
         "encoding":"base64",
         "height":10,
         "name":"back",
         "opacity":0.5,
         "type":"tilelayer",
         "visible":true,
         "width":8,
         "x":0,
         "y":0
        }, 
        {
         "compression":"zlib",
         "data":"eJxjYBgF+IAhAQwAHNABiQ==",
         "encoding":"base64",
         "height":10,
         "name":"front",
         "opacity":1,
         "type":"tilelayer",
         "visible":true,
         "width":8,
         "x":0,
         "y":0
        }, 
        {
         "draworder":"topdown",
         "name":"mods",
         "objects":[],
         "opacity":1,
         "type":"objectgroup",
         "visible":true,
         "x":0,
         "y":0
        }, 
        {
         "color":"#ff0000",
         "draworder":"topdown",
         "name":"objects",
         "objects":[
                {
                 "gid":202,
                 "height":8,
                 "id":5,
                 "name":"",
                 "rotation":0,
                 "type":"",
                 "visible":true,
                 "width":8,
                 "x":24,
                 "y":80
                }, 
                {
                 "gid":323,
                 "height":72,
                 "id":7,
                 "name":"",
                 "rotation":0,
                 "type":"",
                 "visible":true,
                 "width":64,
                 "x":0,
                 "y":72
                }],
         "opacity":1,
         "type":"objectgroup",
         "visible":true,
         "x":0,
         "y":0
        }, 
        {
         "draworder":"topdown",
         "name":"wiring - lights & guns",
         "objects":[],
         "opacity":1,
         "type":"objectgroup",
         "visible":true,
         "x":0,
         "y":0
        }, 
        {
         "draworder":"topdown",
         "name":"monsters & npcs",
         "objects":[],
         "opacity":1,
         "type":"objectgroup",
         "visible":true,
         "x":0,
         "y":0
        }, 
        {
         "draworder":"topdown",
         "name":"wiring - locked door",
         "objects":[],
         "opacity":1,
         "type":"objectgroup",
         "visible":true,
         "x":0,
         "y":0
        }, 
        {
         "draworder":"topdown",
         "name":"outside the map",
         "objects":[],
         "opacity":1,
         "type":"objectgroup",
         "visible":true,
         "x":0,
         "y":0
        }, 
        {
         "draworder":"topdown",
         "name":"anchors etc",
         "objects":[],
         "opacity":1,
         "type":"objectgroup",
         "visible":true,
         "x":0,
         "y":0
        }, 
        {
         "draworder":"topdown",
         "name":"items",
         "objects":[],
         "opacity":1,
         "type":"objectgroup",
         "visible":true,
         "x":0,
         "y":0
        }],
 "nextobjectid":8,
 "orientation":"orthogonal",
 "renderorder":"right-down",
 "tiledversion":"1.1.5",
 "tileheight":8,
 "tilesets":[
        {
         "firstgid":1,
         "source":"..\/..\/..\/tilesets\/packed\/artifacttrophies.json"
        }, 
        {
         "firstgid":2,
         "source":"..\/..\/..\/..\/..\/..\/..\/..\/..\/Program Files (x86)\/Steam\/steamapps\/common\/Starbound\/assets\/_unpacked\/tilesets\/packed\/materials.json"
        }, 
        {
         "firstgid":197,
         "source":"..\/..\/..\/..\/..\/..\/..\/..\/..\/Program Files (x86)\/Steam\/steamapps\/common\/Starbound\/assets\/_unpacked\/tilesets\/packed\/miscellaneous.json"
        }, 
        {
         "firstgid":219,
         "source":"..\/..\/..\/..\/..\/..\/..\/..\/..\/Program Files (x86)\/Steam\/steamapps\/common\/Starbound\/assets\/_unpacked\/tilesets\/packed\/objects-by-colonytag\/outpost.json"
        }, 
        {
         "firstgid":323,
         "source":"..\/..\/..\/tilesets\/packed\/artifacttrophies.json"
        }],
 "tilewidth":8,
 "type":"map",
 "version":1,
 "width":8
}