[
  {
    "flipbook_texture": "textures/blocks/fire_0",
    "atlas_tile": "fire_0",
    "frames": [ 10, 11, 12, 13, 14, 15, 16, 17, 18, 19, 0, 1, 2, 3, 4, 5, 6, 7, 8, 9 ]
  },
  {
    "flipbook_texture": "textures/blocks/fire_1",
    "atlas_tile": "fire_1",
    "frames": [ 0, 1, 2, 3, 4, 5, 6, 7, 8, 9, 10, 11, 12, 13, 14, 15, 16, 17, 18, 19 ]
  },
  {
    "flipbook_texture": "textures/blocks/water_flow_grey",
    "atlas_tile": "flowing_water_grey",
    "frames": [ 0, 1, 2, 3, 4, 5, 6, 7 ]
  },
  {
    "flipbook_texture": "textures/blocks/water_still_grey",
    "atlas_tile": "still_water_grey",
    "ticks_per_frame": 2,
	"frames": [ 0, 1, 2, 3, 4, 5, 6, 7, 8, 9, 10, 11, 12, 13, 14, 15, 16, 17, 18, 19, 20, 21, 22, 23, 24, 25, 26, 27, 28, 29, 30, 31, 32, 33, 34, 35, 36, 37, 38, 39, 40, 41 ]
  },
  {
    "flipbook_texture": "textures/blocks/kelp_a",
    "atlas_tile": "kelp_a",
    "ticks_per_frame": 4,
    "frames": [ 0, 1, 2, 3, 4, 5, 6, 7, 8, 9, 10, 11, 12, 13, 14 ]
  },
  {
    "flipbook_texture": "textures/blocks/kelp_b",
    "atlas_tile": "kelp_b",
    "ticks_per_frame": 4,
    "frames": [ 4, 5, 6, 7, 8, 9, 10, 11, 12, 13, 14, 0, 1, 2, 3 ]
  },
  {
    "flipbook_texture": "textures/blocks/kelp_c",
    "atlas_tile": "kelp_c",
    "ticks_per_frame": 4,
    "frames": [ 8, 9, 10, 11, 12, 13, 14, 0, 1, 2, 3, 4, 5, 6, 7 ]
  },
  {
    "flipbook_texture": "textures/blocks/kelp_d",
    "atlas_tile": "kelp_d",
    "ticks_per_frame": 4,
    "frames": [ 12, 13, 14, 0, 1, 2, 3, 4, 5, 6, 7, 8, 9, 10, 11 ]
  },
  {
    "flipbook_texture": "textures/blocks/kelp_top",
    "atlas_tile": "kelp_top",
    "ticks_per_frame": 4,
    "frames": [ 0, 1, 2, 3, 4, 5, 6, 7, 8, 9, 10, 11, 12, 13, 14 ]
  },
  {
    "flipbook_texture": "textures/blocks/kelp_top_bulb",
    "atlas_tile": "kelp_top_bulb",
    "ticks_per_frame": 4,
    "frames": [ 8, 9, 10, 11, 12, 13, 14, 0, 1, 2, 3, 4, 5, 6, 7 ]
  },
  {
    "flipbook_texture": "textures/blocks/seagrass",
    "atlas_tile": "seagrass_short",
    "frames": [ 0, 1, 2, 3, 4, 5, 6, 7, 8, 9, 10, 11, 12, 13 ],
    "ticks_per_frame": 4
  },
  {
    "flipbook_texture": "textures/blocks/seagrass_doubletall_bottom_a",
    "atlas_tile": "seagrass_tall_bot_a",
    "frames": [ 0, 1, 2, 3, 4, 5, 6, 7, 8, 9, 10, 11, 12, 13, 14 ],
    "ticks_per_frame": 3
  },
  {
    "flipbook_texture": "textures/blocks/seagrass_doubletall_bottom_b",
    "atlas_tile": "seagrass_tall_bot_b",
    "frames": [ 0, 1, 2, 3, 4, 5, 6, 7, 8, 9, 10, 11, 12, 13, 14 ],
    "ticks_per_frame": 3
  },
  {
    "flipbook_texture": "textures/blocks/seagrass_doubletall_top_a",
    "atlas_tile": "seagrass_tall_top_a",
    "frames": [ 0, 1, 2, 3, 4, 5, 6, 7, 8, 9, 10, 11, 12, 13, 14 ],
    "ticks_per_frame": 3
  },
  {
    "flipbook_texture": "textures/blocks/seagrass_doubletall_top_b",
    "atlas_tile": "seagrass_tall_top_b",
    "frames": [ 0, 1, 2, 3, 4, 5, 6, 7, 8, 9, 10, 11, 12, 13, 14 ],
    "ticks_per_frame": 3
  }
]
