{
  "namespace": "realmsPlus_landing",

  "landing_content_section@realmsPlus.section_base": {
    "controls": [
      {
        "content_section_top_padding@realmsPlus.content_section_top_padding": {}
      },
      {
        "landing_content": {
          "type": "stack_panel",
          "size": [ "100%", "100%c" ],
          "controls": [
            {
              "title_stack@realmsPlus_landing.title_stack": {}
            },
            {
              "vertical_small_spacer_0@realmsPlus_landing.vertical_small_spacer": {}
            },
            {
              "divier_panel": {
                "type": "panel",
                "size": [ "100%", "100%c" ],
                "controls": [
                  {
                    "section_divider@common.section_divider": {
                      "$divider_size": [ "100% - 2px", 1 ]
                    }
                  }
                ]
              }
            },
            {
              "vertical_small_spacer_1@realmsPlus_landing.vertical_small_spacer": {}
            },
            {
              "info_stack@realmsPlus_landing.info_stack": {}
            },
            {
              "vertical_small_spacer_2@realmsPlus_landing.vertical_small_spacer": {
                "size": [ "100%", 4 ]
              }
            }
          ]
        }
      }
    ]
  },

  "horizontal_small_spacer": {
    "type": "panel",
    "size": [ 2, 0 ]
  },

  "vertical_small_spacer": {
    "type": "panel",
    "size": [ 0, 2 ]
  },

  "title_stack": {
    "type": "stack_panel",
    "size": [ "100%", "100%c" ],
    "controls": [
      {
        "title_image_panel@realmsPlus_landing.title_image_panel": {}
      },
      {
        "title_space@realmsPlus_landing.title_space": {}
      },
      {
        "buy_button@realmsPlus_buy.buy_button_panel": {
          "$pressed_button_name": "button.go_to_buy_tab",
          "$buy_now_bindings": []
        }
      },
      {
        "vertical_space@realmsPlus_landing.vertical_small_spacer": {}
      },
      {
        "gradient_panel": {
          "type": "panel",
          "size": [ "100%", "100%c" ],
          "controls": [
            {
              "label_with_gradient@realmsPlus.gradient_content_panel": {
                "size": [ "100% - 6px", 15 ],
                "$gradient_content": "realmsPlus_landing.subscription_includes_text"
              }
            }
          ]
        }
      }
    ]
  },

  "subscription_includes_text": {
    "type": "label",
    "size": [ "100% - 6px", "default" ],
    "text": "store.realmsPlus.landing.header",    
    "color": "$store_white_text_color"
  },

  "title_space": {
    "type": "panel",
    "size": [ "100%", 4 ]
  },

  "title_image_panel": {
    "type": "panel",
    "size": [ "100%", "100%c" ],
    "controls": [
      {
        "title_image@common.service_repo_image_panel": {
          "size": [ "55%", "25.031%x" ],
          "$repo_image_texture": "realmsplus"
        }
      }
    ]
  },

  "info_stack": {
    "type": "stack_panel",
    "orientation": "horizontal",
    "size": [ "100%", "100%cm"],
    "controls": [
      {
        "info_section_image@realmsPlus_landing.info_section_image_with_border": {}
      },
      {
        "info_description_stack@realmsPlus_landing.info_description_stack": {
          "size": [ "fill", "100%sm" ]
        }
      }
    ]
  },

  "info_description_stack": {
    "type": "stack_panel",    
    "controls": [
      {
        "info_section_stack_1@realmsPlus_landing.info_section_stack": {
          "controls": [
            {
              "horizontal_small_spacer@realmsPlus_landing.horizontal_small_spacer": {}
            },
            {
              "info_section_text_1@realmsPlus_landing.info_section_text_1": {}
            }
          ]
        }
      },
      {
        "divider_centering_panel": {
          "type": "panel",
          "size": [ "100%", "100%c" ],
          "controls": [
            {
              "divider@common.section_divider": {
                "offset": [ 0.5, 0 ],
                "$divider_size": [ "100% - 3px", 1 ]
              }
            }
          ]
        }
      },
      {
        "info_section_stack_2@realmsPlus_landing.info_section_stack": {
          "controls": [
            {
              "horizontal_small_spacer@realmsPlus_landing.horizontal_small_spacer": {}
            },
            {
              "info_section_text_2@realmsPlus_landing.info_section_text_2": {}
            }
          ]
        }
      }
    ]
  },

  "info_section_stack": {
    "type": "stack_panel",
    "orientation": "horizontal",
    "size": [ "100%", "fill" ]
  },

  "info_section_image_with_border@common.focus_border_white": {
    "color": [ 0.0, 0.0, 0.0 ],
    "size": [ "35%", "100%c + 2px" ],
    "$info_texture_size": [ "100% - 2px", "133.33%x" ],
    "$repo_image_texture": "realms_plus_logo_tall",
    "layer": 2,
    "controls": [
      {
        "info_section_image@common.service_repo_image_panel": {
          "size": "$info_texture_size",
          "layer": -1
        }
      }
    ]
  },

  "info_section_text_1@realmsPlus_landing.info_section_text": {
    "controls": [
      {
        "info_text_bullet_1@realmsPlus_landing.info_text_bullet": {
          "$info_text_line": "store.realmsPlus.landing.info1.line1"
        }
      },
      {
        "vertical_small_spacer_0@realmsPlus_landing.vertical_small_spacer": {}
      },
      {
        "info_text_bullet_2@realmsPlus_landing.info_text_bullet": {
          "$info_text_line": "store.realmsPlus.landing.info1.line2"
        }
      },
      {
        "vertical_small_spacer_1@realmsPlus_landing.vertical_small_spacer": {}
      },
      {
        "info_text_bullet_3@realmsPlus_landing.info_text_bullet": {
          "$info_text_line": "store.realmsPlus.landing.info1.line3"
        }
      }
    ]
  },

  "info_section_text_2@realmsPlus_landing.info_section_text": {
    "controls": [
      {
        "info_text_bullet_1@realmsPlus_landing.info_text_bullet": {
          "$info_text_line": "store.realmsPlus.landing.info2.line1"
        }
      },
      {
        "vertical_small_spacer_0@realmsPlus_landing.vertical_small_spacer": {}
      },
      {
        "info_text_bullet_2@realmsPlus_landing.info_text_bullet": {
          "$info_text_line": "store.realmsPlus.landing.info2.line2"
        }
      },
      {
        "vertical_small_spacer_1@realmsPlus_landing.vertical_small_spacer": {}
      },
      {
        "info_text_bullet_3@realmsPlus_landing.info_text_bullet": {
          "$info_text_line": "store.realmsPlus.landing.info2.line3"
        }
      },
      {
        "vertical_small_spacer_2@realmsPlus_landing.vertical_small_spacer": {}
      },
      {
        "info_text_bullet_4@realmsPlus_landing.info_text_bullet": {
          "$info_text_line": "store.realmsPlus.landing.info2.line4"
        }
      }
    ]
  },

  "info_section_text": {
    "type": "stack_panel",
    "size": [ "100%", "100%c" ]
  },

  "info_text_bullet": {
    "type": "label",
    "text": "$info_text_line",
    "size": [ "100%", "default" ],
    "font_type": "smooth",
    "color": "$store_white_text_color"
  }
}
